{"count":1,"self":351.7653248,"total":3796.2747975999996,"children":{"InitializeActuators":{"count":81,"self":0.0010000999999999999,"total":0.0010000999999999999,"children":null},"InitializeSensors":{"count":81,"self":0.002,"total":0.002,"children":null},"AgentSendState":{"count":497684,"self":7.4711399999999992,"total":53.810553899999995,"children":{"CollectObservations":{"count":8062497,"self":9.0559079999999987,"total":9.0559082,"children":null},"WriteActionMask":{"count":8062497,"self":1.2728431999999998,"total":1.2728431999999998,"children":null},"RequestDecision":{"count":8062497,"self":5.2874408,"total":36.0106627,"children":{"AgentInfo.ToProto":{"count":8062497,"self":5.2578103999999994,"total":30.723222,"children":{"GenerateSensorData":{"count":8062497,"self":25.4654112,"total":25.465411699999997,"children":null}}}}}}},"DecideAction":{"count":497684,"self":3385.8588671999996,"total":3385.8589574999996,"children":null},"AgentAct":{"count":497684,"self":4.7494568,"total":4.7494565999999994,"children":null},"AgentInfo.ToProto":{"count":5084,"self":0.0260058,"total":0.0865012,"children":{"GenerateSensorData":{"count":5084,"self":0.0604954,"total":0.0604954,"children":null}}}},"gauges":{"AdvancedRoller.CumulativeReward":{"count":5084,"max":850251.9,"min":2.55713558,"runningAverage":38397.9023,"value":16180.3076,"weightedAverage":53803.6172}},"metadata":{"timer_format_version":"0.1.0","start_time_seconds":"1651938235","unity_version":"2020.3.25f1","command_line_arguments":"C:\\Program Files\\Unity\\Hub\\Editor\\2020.3.25f1\\Editor\\Unity.exe -projectpath C:\\Code\\RLTest -useHub -hubIPC -cloudEnvironment production -licensingIpc LicenseClient-kkm -hubSessionId f48569c0-ce12-11ec-ba49-bb99c821b43b -accessToken 643h6EK6Nk_OSdBvWQdEEVH9dC-ehJAngRdfAZOG9FA00df","communication_protocol_version":"1.5.0","com.unity.ml-agents_version":"2.2.1-exp.1","scene_name":"AdvancedRoller","end_time_seconds":"1651942031"}}