{"count":1,"self":56.517587199999994,"total":130.6782915,"children":{"InitializeActuators":{"count":20,"self":0.0019932,"total":0.0019932,"children":null},"InitializeSensors":{"count":20,"self":0.0019933999999999998,"total":0.0019933999999999998,"children":null},"AgentSendState":{"count":6306,"self":0.28800909999999996,"total":58.7727041,"children":{"CollectObservations":{"count":126120,"self":58.269817599999996,"total":58.2698197,"children":null},"WriteActionMask":{"count":126120,"self":0.022922599999999998,"total":0.022922599999999998,"children":null},"RequestDecision":{"count":126120,"self":0.1919527,"total":0.1919527,"children":null}}},"DecideAction":{"count":6306,"self":9.907148,"total":9.9071480999999988,"children":null},"AgentAct":{"count":6306,"self":5.4768656,"total":5.4768656,"children":null}},"gauges":{"Paladin.CumulativeReward":{"count":1775,"max":61.7624321,"min":12.134037,"runningAverage":45.7390137,"value":48.383297,"weightedAverage":45.04471}},"metadata":{"timer_format_version":"0.1.0","start_time_seconds":"1655371156","unity_version":"2020.3.25f1","command_line_arguments":"C:\\Program Files\\Unity\\Hub\\Editor\\2020.3.25f1\\Editor\\Unity.exe -projectpath C:\\Code\\RLTest -useHub -hubIPC -cloudEnvironment production -licensingIpc LicenseClient-kkm -hubSessionId 79df5ca0-ed0a-11ec-9bd3-e3940fdd229d -accessToken 87xnps0KcZvK7OcqIersts1EkQEwLjupb3WK7qKccWc00df","communication_protocol_version":"1.5.0","com.unity.ml-agents_version":"2.2.1-exp.1","scene_name":"WAA","end_time_seconds":"1655371286"}}